SiteID,SiteName,Address,City,State,ZipCode,MainPhone
1,Corporate Headquarters,856  Timber Oak Drive,Boston,MA,02108,806-237-7641
2,Remote IT,856  Timber Oak Drive,Boston,MA,02108,806-237-7642
3,Remote Sales,856  Timber Oak Drive,Boston,MA,02108,806-237-7643
4,Lawrence Ridge Business Park,2109  Christie Way,Lawrence,MA,01840,978-837-6742
5,Archwood Plaza,1518  Archwood Avenue,Brockton,MA,02302,307-868-9872
6,Worcester Commons Plaza,2948  Ferguson Street,Worcester,MA,01608,508-488-9490
7,University Hill Business Park,2006  University Hill Road,Braintree,MA,02184,217-565-4822
8,Needham Commons Plaza,2746  Oliver Street,Needham,MA,02492,803-997-2798
9,Arlington Ridge Business Park,2649  Northwest Boulevard,Arlington,MA,02474,202-231-8286
10,Scheuvront Commons,3565  Scheuvront Drive,Seekonk,MA,02771,303-534-9726
11,Wakefield Plaza,2397  Romano Street,Wakefield,MA,01880,781-438-2207
